model,cv_folds,cv_mean_main_hits,cv_main_hit_rate,cv_powerball_accuracy,cv_mean_total_hits,cv_exact_match_rate
knn,3,0.7118353344768439,0.1423670668953688,0.10405946255002858,0.8158947970268725,0.0
extra_trees,3,0.7112635791881075,0.1422527158376215,0.0989136649514008,0.8101772441395082,0.0
random_forest,3,0.6912521440823327,0.13825042881646654,0.10405946255002858,0.7953116066323612,0.0
hist_gradient_boosting,3,0.6798170383076044,0.13596340766152087,0.09205260148656376,0.771869639794168,0.0
logistic_regression,3,0.6626643796455117,0.13253287592910235,0.09548313321898227,0.758147512864494,0.0
